<queryRequest xmlns="http://aktin.org/ns/exchange" xmlns:xsi="http://www.w3.org/2001/XMLSchema-instance"><id>1390</id><reference>2022-12-31T23:00:00.000Z</reference><scheduled>2023-07-24T22:00:00.000Z</scheduled><query><title>2023-007: Identifikation und Management von Sepsispatienten in der Notaufnahme: Epidemiologie, Prozesssteuerung und Outcome</title><description>Sehr geehrte Damen und Herren,

Retrospektive, multizentrische Datenanalyse anhand des AKTIN-Datensatzes sowie der stationären Behandlungsdaten zur Analyse des Anteils der Patienten, bei denen 
bereits in der Notaufnahme eine Sepsis identifiziert wird (“awareness-Screening”). Weiterhin ist die Analyse demographischer Parameter sowie der Einschätzung der 
Behandlungsdringlichkeit, der Vitalparameter und retrospektive Kalkulation von Scores anhand validierter Screeningverfahren (qSOFA, SIRS) geplant. 
Darüber hinaus sollen die individuelle Vorstellungsgründe dargestellt werden und eine Analyse des Behandlungsmanagements mit Erfassung der Verweildauern in der 
Notaufnahme sowie nachfolgender Dispositionsstrategien und Auswertung Weiterbehandlungsdaten inkl. Outcome der Patienten erfolgen. 
Ziel der Messung ist die Darstellung patientenrelevanter Qualitätsaspekte der akutmedizinischen Versorgung von Sepsispatienten im Sinne einer aktuellen IST-
Analyse als Basis für künftige Implementationsstudien.

In die Auswertung sollen die Datensätze aller Patienten der am AKTIN-Notaufnahmeregister beteiligten Kliniken aus dem Zeitraum 01.01.2020 bis 31.12.2022 einfließen.

Einschlusskriterien der abgefragten Fälle:

• Patienten*innen ab 18 Jahre
• Zeitraum 01.01.2020 - 31.12.2022
• Patient*innnen mit primärer Vorstellung in der Notaufnahme

Abgefragte Variablen des Datensatz Notaufnahme:

•	Pseudonym der Notaufnahme
•	Vorstellungsgrund (CEDIS)
•	Atemfrequenz
•	Sauerstoffsättigung
•	Systolischer Blutdruck 
•	Herzfrequenz
•	Körperkerntemperatur 
•	Schmerzskala
•	Glasgow Coma Scale (GCS) Summe 
•	GCS Augenöffnen
•	GCS verbale Antwort 
•	GCS motorische Antwort 
•	Rankin-Skala 
•	Verbleib (Verlegungsart/ Entlassungart)
•	Aufnahmedatum und -zeitpunkt (jjjj-mm-dd hh:mm:ss)

Abgefragte Variablen des Datensatz Notaufnahme Diagnosen: 

•	Notaufnahmediagnosen (ICD-10, 2-Steller oder 3-Steller) 
•	Markierung der führenden Notaufnahmediagnose 
•	Zusatzkennzeichen (zur Diagnosesicherheit)

Abgefragte Variablen aus dem Datensatz stationäre Behandlungsdaten der Datei ICD:

•	Diagnoseart
•	ICD-Kode
•	Diagnosesicherheit 

Die Daten werden vom AKTIN TDAC anonymisiert und anschließend vom TDAC in aggregierter und ausgewerteter Form (relative und absolute Häufigkeiten und Kreuztabellen) dem Antragsteller zur Verfügung gestellt.

Die Antragsteller*innen verpflichten sich, die überlassenen Daten ausschließlich für die in diesem Antrag genannten wissenschaftlichen Zwecke zu verwenden und nicht an Dritte weiterzugeben. Ein personenbezogener Abgleich oder Zusammenführen der Daten mit anderen Daten ist untersagt. Ziel der Auswertung ist eine wissenschaftliche Publikation bzw. ein Kongressbeitrag. Ein personenbezogener Abgleich oder Zusammenführen der Daten mit anderen Daten ist untersagt.

Gemäß AKTIN-NotaufnahmeRegister-Publikationsordnung erfolgt ein Review des Manuskriptes vor Publikation in Bezug auf Einhaltung der Belange des Datenschutzes und der Ethik.

Die Abfrage wurde durch das wissenschaftliche Gremium unter der Notaufnahmeregister-Projekt-ID 2023-007 genehmigt. Bei inhaltlichen Fragen melden Sie sich bitte bei Frau Dr. Alexandra Ramshorn-Zimmmer (alexandra.ramshorn-zimmer@medizin.uni-leipzig.de), bei technischen Problemen können Sie sich an it-support@aktin.org wenden.</description><principal><name>Dr. Alexandra Ramshorn-Zimmmer</name><organisation>Uni Leipzig</organisation><email>alexandra.ramshorn-zimmer@medizin.uni-leipzig.de</email><phone/><tags><tag>test</tag><tag>2023-007</tag></tags></principal><schedule xsi:type="singleExecution"><duration>-P24M</duration></schedule><sql xmlns="http://aktin.org/ns/i2b2/sql">
    
<temporary-table name="temp_encounter_data"/>
<temporary-table name="temp_diagnoses"/>
<temporary-table name="temp_icd"/>
<temporary-table name="temp_joindata"/>

<source type="application/sql">
    <![CDATA[

--preprocessing of rawdata
CREATE TEMPORARY TABLE temp_joindata AS

--SELECT BASIC INFORMATION
SELECT DISTINCT
obs.encounter_num,
obs.patient_num,
EXTRACT(years FROM age(vis_dim.start_date, pat_dim.birth_date)) AS age_in_years,
pat_dim.sex_cd as gender,
vis_dim.start_date AS admission_date,
vis_dim.end_date AS discharge_date
FROM i2b2crcdata.observation_fact obs 
JOIN i2b2crcdata.patient_dimension pat_dim ON (obs.patient_num = pat_dim.patient_num)
JOIN i2b2crcdata.visit_dimension vis_dim ON (obs.encounter_num = vis_dim.encounter_num)

-- Column Zeit
WHERE vis_dim.start_date BETWEEN '20200101' AND '20230101'
-- End Column Zeit

-- Column nur_erwachsen
AND EXTRACT(years FROM age(vis_dim.start_date, pat_dim.birth_date))>=18
-- End Column nur_erwachsen
;

--FILTER FOR VALID Cases
-- get patient_ide for patient_num
ALTER TABLE temp_joindata ADD COLUMN patient_ide VARCHAR;
UPDATE temp_joindata my SET patient_ide = pat.patient_ide
FROM i2b2crcdata.patient_mapping pat
WHERE my.patient_num = pat.patient_num;

-- get encounter_ide for encounter_num
ALTER TABLE temp_joindata ADD COLUMN encounter_ide VARCHAR;
UPDATE temp_joindata my SET encounter_ide = enc.encounter_ide
FROM i2b2crcdata.encounter_mapping enc
WHERE my.encounter_num = enc.encounter_num;

-- get billing id for encounter
ALTER TABLE temp_joindata ADD COLUMN billing_ide VARCHAR;
UPDATE temp_joindata my SET billing_ide = obs.tval_char
FROM i2b2crcdata.observation_fact obs
WHERE my.encounter_num = obs.encounter_num
AND concept_cd LIKE 'AKTIN:Fall%';

-- ### drop all AKTIN optout from temp_joindata###
-- get AKTIN patient_ide
ALTER TABLE temp_joindata ADD COLUMN pat VARCHAR;
UPDATE temp_joindata my SET pat = opt.pat_psn
FROM i2b2crcdata.optinout_patients opt
WHERE ((opt.study_id = 'AKTIN' AND opt.optinout = 'O') OR (opt.study_id = 'CERT' AND opt.optinout = 'I'))
AND opt.pat_ref = 'PAT'
AND opt.pat_psn = my.patient_ide;

-- get AKTIN encounter_ide
ALTER TABLE temp_joindata ADD COLUMN enc VARCHAR;
UPDATE temp_joindata my SET enc = opt.pat_psn
FROM i2b2crcdata.optinout_patients opt
WHERE ((opt.study_id = 'AKTIN' AND opt.optinout = 'O') OR (opt.study_id = 'CERT' AND opt.optinout = 'I'))
AND opt.pat_ref = 'ENC'
AND opt.pat_psn = my.encounter_ide;

-- get AKTIN billing_id
ALTER TABLE temp_joindata ADD COLUMN bil VARCHAR;
UPDATE temp_joindata my SET bil = opt.pat_psn
FROM i2b2crcdata.optinout_patients opt
WHERE ((opt.study_id = 'AKTIN' AND opt.optinout = 'O') OR (opt.study_id = 'CERT' AND opt.optinout = 'I'))
AND opt.pat_ref = 'BIL'
AND opt.pat_psn = my.billing_ide;

-- delete rows merged with optinout_patients
DELETE FROM temp_joindata
WHERE pat IS NOT NULL
OR enc IS NOT NULL
OR bil IS NOT NULL;

-- delete columns
ALTER TABLE temp_joindata DROP COLUMN pat, DROP COLUMN enc, DROP COLUMN bil, DROP COLUMN billing_ide, DROP COLUMN patient_ide, DROP COLUMN encounter_ide;

-- ### Table 1 : Encounter data (without diagnoses) ###
-- Fallnummer
-- Aufnahmedatum
-- Zeitpunkt der Verlegung/Entlassung (jjjj-mm-dd hh:mm:ss)
-- Alter in Jahren/Monaten
-- Geschlecht

CREATE TEMPORARY TABLE temp_encounter_data AS
SELECT DISTINCT

-- Column Aufnahmedatum
admission_date as aufnahme_ts,
-- End Column Aufnahmedatum
-- Column Verlegung/Entlassung
discharge_date as entlassung_ts,
-- End Column Verlegung/Entlassung

encounter_num
FROM temp_joindata
-- Sort table by encounter_num in ascending order
ORDER BY encounter_num ASC;

-- Column Vorstellungsgrund_cedis
ALTER TABLE temp_encounter_data ADD COLUMN cedis VARCHAR;
UPDATE temp_encounter_data SET cedis = CASE
    WHEN concept_cd = '75322-8:UNK' THEN '999' 
    WHEN concept_cd = 'CEDIS30:UNK' THEN '999'
    WHEN concept_cd LIKE '75322-8%' THEN substr(concept_cd, 8)
    WHEN concept_cd LIKE 'CEDIS%' THEN substr(concept_cd, 9) 
    ELSE 
        concept_cd
    END 
FROM i2b2crcdata.observation_fact
WHERE (concept_cd LIKE 'CEDIS%' OR concept_cd LIKE '75322-8%') AND modifier_cd = '@'
AND i2b2crcdata.observation_fact.encounter_num = temp_encounter_data.encounter_num;
-- End Column Vorstellungsgrund_cedis

-- Column Atemfrequenz
ALTER TABLE temp_encounter_data ADD COLUMN atemfrequenz DECIMAL;
UPDATE temp_encounter_data SET atemfrequenz = nval_num
FROM i2b2crcdata.observation_fact
WHERE concept_cd = 'LOINC:9279-1' AND modifier_cd = '@'
AND i2b2crcdata.observation_fact.encounter_num = temp_encounter_data.encounter_num;
-- End Column Atemfrequenz

-- Column O2Saettigung
ALTER TABLE temp_encounter_data ADD COLUMN saettigung DECIMAL;
UPDATE temp_encounter_data SET saettigung = nval_num
FROM i2b2crcdata.observation_fact
WHERE concept_cd = 'LOINC:20564-1' AND modifier_cd = '@'
AND i2b2crcdata.observation_fact.encounter_num = temp_encounter_data.encounter_num;
-- End Column O2Saettigung

-- Column Blutdruck_sys 
ALTER TABLE temp_encounter_data ADD COLUMN blutdruck_sys DECIMAL;
UPDATE temp_encounter_data SET blutdruck_sys = nval_num
FROM i2b2crcdata.observation_fact
WHERE concept_cd = 'LOINC:8480-6' AND modifier_cd = '@'
AND i2b2crcdata.observation_fact.encounter_num = temp_encounter_data.encounter_num;
-- End Column Blutdruck_sys 

-- Column Herzfrequenz
ALTER TABLE temp_encounter_data ADD COLUMN herzfrequenz DECIMAL;
UPDATE temp_encounter_data SET herzfrequenz = nval_num
FROM i2b2crcdata.observation_fact
WHERE concept_cd = 'LOINC:8867-4' AND modifier_cd = '@'
AND i2b2crcdata.observation_fact.encounter_num = temp_encounter_data.encounter_num;
-- End Column Herzfrequenz

-- Column Kerntemperatur
ALTER TABLE temp_encounter_data ADD COLUMN kerntemperatur DECIMAL;
UPDATE temp_encounter_data SET kerntemperatur = nval_num
FROM i2b2crcdata.observation_fact
WHERE concept_cd = 'LOINC:8329-5' AND modifier_cd = '@'
AND i2b2crcdata.observation_fact.encounter_num = temp_encounter_data.encounter_num;
-- End Column Kerntemperatur

-- Column Schmerzskala
ALTER TABLE temp_encounter_data ADD COLUMN schmerzskala DECIMAL;
UPDATE temp_encounter_data SET schmerzskala = nval_num
FROM i2b2crcdata.observation_fact
WHERE concept_cd = 'LOINC:72514-3' AND modifier_cd = '@'
AND i2b2crcdata.observation_fact.encounter_num = temp_encounter_data.encounter_num;
-- End Column Schmerzskala

-- Column gcs_summe
ALTER TABLE temp_encounter_data ADD COLUMN gcs_summe DECIMAL;
UPDATE temp_encounter_data SET gcs_summe = nval_num
FROM i2b2crcdata.observation_fact
WHERE concept_cd = 'LOINC:9269-2' AND modifier_cd = '@'
AND i2b2crcdata.observation_fact.encounter_num = temp_encounter_data.encounter_num;
-- End Column gcs_summe

-- Column gcs_augen
ALTER TABLE temp_encounter_data ADD COLUMN gcs_augen DECIMAL;
UPDATE temp_encounter_data SET gcs_augen = nval_num
FROM i2b2crcdata.observation_fact
WHERE concept_cd = 'LOINC:9267-6' AND modifier_cd = '@'
AND i2b2crcdata.observation_fact.encounter_num = temp_encounter_data.encounter_num;
-- End Column gcs_augen

-- Column gcs_verbal
ALTER TABLE temp_encounter_data ADD COLUMN gcs_verbal DECIMAL;
UPDATE temp_encounter_data SET gcs_verbal = nval_num
FROM i2b2crcdata.observation_fact
WHERE concept_cd = 'LOINC:9270-0' AND modifier_cd = '@'
AND i2b2crcdata.observation_fact.encounter_num = temp_encounter_data.encounter_num;
-- End Column gcs_verbal

-- Column gcs_motorisch
ALTER TABLE temp_encounter_data ADD COLUMN gcs_motorisch DECIMAL;
UPDATE temp_encounter_data SET gcs_motorisch = nval_num
FROM i2b2crcdata.observation_fact
WHERE concept_cd = 'LOINC:9268-4' AND modifier_cd = '@'
AND i2b2crcdata.observation_fact.encounter_num = temp_encounter_data.encounter_num;
-- End Column gcs_motorisch

-- Column rankin 
ALTER TABLE temp_encounter_data ADD COLUMN rankin DECIMAL;
UPDATE temp_encounter_data SET rankin = ROUND(nval_num)
FROM i2b2crcdata.observation_fact
WHERE (concept_cd = 'LOINC:75859-9' OR concept_cd LIKE 'RANKIN:%') AND modifier_cd = '@'
AND i2b2crcdata.observation_fact.encounter_num = temp_encounter_data.encounter_num;
-- End Column rankin

-- Column verbleib
ALTER TABLE temp_encounter_data ADD COLUMN verbleib VARCHAR;
UPDATE temp_encounter_data SET verbleib  = CASE
    WHEN concept_cd = 'AKTIN:TRANSFER:1' THEN 'Aufnahme in Funktionsbereich'
    WHEN concept_cd = 'AKTIN:TRANSFER:2' THEN 'Verlegung extern in Funktionsbereich'
    WHEN concept_cd = 'AKTIN:TRANSFER:3' THEN 'Aufnahme auf Ueberwachungsstation'
    WHEN concept_cd = 'AKTIN:TRANSFER:4' THEN 'Verlegung extern auf Ueberwachungsstation'
    WHEN concept_cd = 'AKTIN:TRANSFER:5' THEN 'Aufnahme auf Normalstation'
    WHEN concept_cd = 'AKTIN:TRANSFER:6' THEN 'Verlegung extern auf Normalstation'
    WHEN concept_cd = 'AKTIN:DISCHARGE:1' THEN 'Tod'
    WHEN concept_cd = 'AKTIN:DISCHARGE:2' THEN 'Entlassung gegen aerztlichen Rat'
    WHEN concept_cd = 'AKTIN:DISCHARGE:3' THEN 'Behandlung durch Pat. abgebrochen'
    WHEN concept_cd = 'AKTIN:DISCHARGE:4' THEN 'Entlassung nach Hause'
    WHEN concept_cd = 'AKTIN:DISCHARGE:5' THEN 'Entlassung zu weiterbehandelnden Arzt'
    WHEN concept_cd = 'AKTIN:DISCHARGE:6' THEN 'kein Arztkontakt'
    WHEN concept_cd = 'AKTIN:DISCHARGE:OTH' THEN 'Sonstige Entlassung'
    ELSE 
        concept_cd
    END 
FROM i2b2crcdata.observation_fact
WHERE ((concept_cd LIKE '%TRANSFER%' AND concept_cd <> 'AKTIN:TRANSFER:ZeitpunktVerlegung') OR concept_cd LIKE '%DISCHARGE%') AND modifier_cd = '@'
AND i2b2crcdata.observation_fact.encounter_num = temp_encounter_data.encounter_num;
-- End Column verbleib

-- Column aktin_diagnose_table
-- ### Table 2 : Patient diagnoses (Datensatz Notaufnahme) ###
CREATE TEMPORARY TABLE temp_diagnoses AS
SELECT DISTINCT
temp_joindata.encounter_num,
instance_num,
substr(i2b2crcdata.observation_fact.concept_cd, 9) as icd_code
FROM temp_joindata
INNER JOIN i2b2crcdata.observation_fact 
ON temp_joindata.encounter_num = i2b2crcdata.observation_fact.encounter_num
WHERE i2b2crcdata.observation_fact.concept_cd LIKE 'ICD10GM:%' AND i2b2crcdata.observation_fact.provider_id = '@' and i2b2crcdata.observation_fact.modifier_cd = '@';

-- Markierung der führenden Notaufnahmediagnose
ALTER TABLE temp_diagnoses ADD COLUMN diagnose_fuehrend VARCHAR;
UPDATE temp_diagnoses SET diagnose_fuehrend = 'f'
FROM i2b2crcdata.observation_fact 
WHERE concept_cd LIKE 'ICD10GM:%' AND provider_id = '@' AND modifier_cd = 'AKTIN:DIAG:F'
AND i2b2crcdata.observation_fact.encounter_num = temp_diagnoses.encounter_num
AND i2b2crcdata.observation_fact.instance_num = temp_diagnoses.instance_num
AND substr(i2b2crcdata.observation_fact.concept_cd, 9) = temp_diagnoses.icd_code;

-- Zusatzkennzeichen (zur Diagnosesicherheit)
ALTER TABLE temp_diagnoses ADD COLUMN diagnose_zusatz VARCHAR;
UPDATE temp_diagnoses SET diagnose_zusatz = substr(modifier_cd, 12)
FROM i2b2crcdata.observation_fact 
WHERE concept_cd LIKE 'ICD10GM:%' 
AND provider_id = '@'
AND (modifier_cd LIKE 'AKTIN:DIAG:%' AND modifier_cd NOT LIKE 'AKTIN:DIAG:F')
AND i2b2crcdata.observation_fact.encounter_num = temp_diagnoses.encounter_num
AND i2b2crcdata.observation_fact.instance_num = temp_diagnoses.instance_num
AND substr(i2b2crcdata.observation_fact.concept_cd, 9) = temp_diagnoses.icd_code;

--delete empty cases and instance_num
ALTER TABLE temp_diagnoses DROP COLUMN instance_num;
DELETE FROM temp_diagnoses WHERE icd_code is NULL;
-- End Column aktin_diagnose_table

-- Column ICD_table
-- ### Table 3 : Patient diagnoses (P21) ###
CREATE TEMPORARY TABLE temp_icd AS
SELECT 
temp_joindata.encounter_num,
instance_num,
substr(i2b2crcdata.observation_fact.concept_cd, 9) as icd_code
FROM temp_joindata
INNER JOIN i2b2crcdata.observation_fact 
ON temp_joindata.encounter_num = i2b2crcdata.observation_fact.encounter_num
WHERE i2b2crcdata.observation_fact.concept_cd LIKE 'ICD10GM:%' AND i2b2crcdata.observation_fact.provider_id = 'P21' and i2b2crcdata.observation_fact.modifier_cd = '@';

-- Diagnoseart
ALTER TABLE temp_icd ADD COLUMN diagnoseart VARCHAR;
UPDATE temp_icd SET diagnoseart = tval_char
FROM i2b2crcdata.observation_fact 
WHERE concept_cd LIKE 'ICD10GM:%' AND provider_id = 'P21' AND modifier_cd = 'diagType'
AND i2b2crcdata.observation_fact.encounter_num = temp_icd.encounter_num
AND i2b2crcdata.observation_fact.instance_num = temp_icd.instance_num
AND substr(concept_cd, 9) = temp_icd.icd_code;

-- ICD-zugehörige HD
ALTER TABLE temp_icd ADD COLUMN zugehörige_HD VARCHAR;
UPDATE temp_icd SET zugehörige_HD = substr(tval_char,9)
FROM i2b2crcdata.observation_fact 
WHERE concept_cd LIKE 'ICD10GM:%'  AND provider_id = 'P21' AND modifier_cd = 'sdFrom'
AND i2b2crcdata.observation_fact.encounter_num = temp_icd.encounter_num
AND i2b2crcdata.observation_fact.instance_num = temp_icd.instance_num
AND substr(concept_cd, 9) = temp_icd.icd_code;


-- ICD-Diagnosesicherheit
ALTER TABLE temp_icd ADD COLUMN icd_diagnosesicherheit VARCHAR;
UPDATE temp_icd SET icd_diagnosesicherheit = tval_char
FROM i2b2crcdata.observation_fact 
WHERE concept_cd LIKE 'ICD10GM:%' 
AND provider_id = 'P21' 
AND modifier_cd = 'certainty'
AND i2b2crcdata.observation_fact.encounter_num = temp_icd.encounter_num
AND i2b2crcdata.observation_fact.instance_num = temp_icd.instance_num
AND substr(concept_cd, 9) = temp_icd.icd_code;


--delete empty cases and instance_num
ALTER TABLE temp_icd DROP COLUMN instance_num;
delete from temp_icd WHERE icd_code is NULL;
-- End Column ICD_table

-- ### Table 4: Patient Fall (P21) ###
-- Fallnummer
-- Merge over Discharge reason which is mandatory item
CREATE TEMPORARY TABLE temp_fall AS
SELECT DISTINCT
encounter_num
FROM temp_joindata;

 

 

]]>
    </source>
    <anonymize>
        <key table="temp_encounter_data" column="encounter_num"/>
        <ref table="temp_diagnoses" column="encounter_num"/>
        <ref table="temp_icd" column="encounter_num"/>
    </anonymize>
    <export table="temp_encounter_data" destination="case_data"/>
    <export table="temp_diagnoses" destination="diag_data"/>
    <export table="temp_icd" destination="ICD"/>
        
</sql></query></queryRequest>