<?xml version="1.0" encoding="UTF-8" standalone="yes"?>
<request-status-list xmlns="http://aktin.org/ns/exchange">
    <request-status-info>
        <node>9</node>
        <deleted>2023-07-27T13:28:29.942Z</deleted>
        <retrieved>2023-07-27T13:28:22.732Z</retrieved>
        <queued>2023-07-27T13:28:29.420Z</queued>
        <processing>2023-07-27T13:28:29.431Z</processing>
        <completed>2023-07-27T13:28:29.911Z</completed>
        <type>text/plain</type>
    </request-status-info>
</request-status-list>
